[{"id":"user-image-1182670.png","publicUrl":"np://user.desktop.nicepage.com/Site_156291936/images/1182670.png","size":4404,"hash":"H8ak9hcDggPjQmAivdFAK0FwbII=","fileName":"1182670.png","name":"1182670","width":128,"height":128,"thumbnail":{"url":"np://user.desktop.nicepage.com/Site_156291936/images/thumbnails/1182670.png","width":128,"height":128,"length":4404,"type":"png"},"folderId":null,"usages":[]},{"id":"user-image-5796403978131590381.jpg","publicUrl":"np://user.desktop.nicepage.com/Site_156291936/images/5796403978131590381.jpg","size":147019,"hash":"oiWnGGT6YNS5fC5c8/4iBgMjdv4=","fileName":"5796403978131590381.jpg","name":"5796403978131590381","width":590,"height":1280,"thumbnail":{"url":"np://user.desktop.nicepage.com/Site_156291936/images/thumbnails/5796403978131590381.jpg","width":115,"height":250},"folderId":null,"usages":["253012855"]},{"id":"user-image-5832234661194090588.jpg","publicUrl":"np://user.desktop.nicepage.com/Site_156291936/images/5832234661194090588.jpg","size":136692,"hash":"7h294PP5EcnNsGmK/yTpYGBbQdU=","fileName":"5832234661194090588.jpg","name":"5832234661194090588","width":590,"height":1280,"thumbnail":{"url":"np://user.desktop.nicepage.com/Site_156291936/images/thumbnails/5832234661194090588.jpg","width":115,"height":250},"folderId":null,"usages":["253012855"]},{"id":"user-image-5832234661194090584.jpg","publicUrl":"np://user.desktop.nicepage.com/Site_156291936/images/5832234661194090584.jpg","size":122945,"hash":"QjHlywigvmuP6jWSLQZM/6NguoU=","fileName":"5832234661194090584.jpg","name":"5832234661194090584","width":590,"height":1280,"thumbnail":{"url":"np://user.desktop.nicepage.com/Site_156291936/images/thumbnails/5832234661194090584.jpg","width":115,"height":250},"folderId":null,"usages":["253012855"]},{"id":"user-image-6646730.png","publicUrl":"np://user.desktop.nicepage.com/Site_156291936/images/6646730.png","size":2550,"hash":"3brRow8kZl5mCRnbe3MoSaErIUs=","fileName":"6646730.png","name":"6646730","width":128,"height":128,"thumbnail":{"url":"np://user.desktop.nicepage.com/Site_156291936/images/thumbnails/6646730.png","width":128,"height":128,"length":2550,"type":"png"},"folderId":null,"originalUrl":"//images01.nicepage.com/c461c07a441a5d220e8feb1a/4980e9947033566cb48348cd/6646730.png","usages":["253012855"]},{"id":"user-image-4457024.png","publicUrl":"np://user.desktop.nicepage.com/Site_156291936/images/4457024.png","size":4300,"hash":"+KbdJOe0eZU5g54IzPSqtCHY9o4=","fileName":"4457024.png","name":"4457024","width":128,"height":128,"thumbnail":{"url":"np://user.desktop.nicepage.com/Site_156291936/images/thumbnails/4457024.png","width":128,"height":128,"length":4300,"type":"png"},"folderId":null,"originalUrl":"//images01.nicepage.com/c461c07a441a5d220e8feb1a/ffc763c669595b508558d011/4457024.png","usages":["253012855"]},{"id":"user-image-840781.png","publicUrl":"np://user.desktop.nicepage.com/Site_156291936/images/840781.png","size":3676,"hash":"CJEoWPXamtVkeqF/KeI670EIO4Y=","fileName":"840781.png","name":"840781","width":128,"height":128,"thumbnail":{"url":"np://user.desktop.nicepage.com/Site_156291936/images/thumbnails/840781.png","width":128,"height":128,"length":3676,"type":"png"},"folderId":null,"originalUrl":"//images01.nicepage.com/c461c07a441a5d220e8feb1a/8d5d16cf27305106a9cd4dbb/840781.png","usages":["253012855"]},{"id":"user-image-ggg.jpg","publicUrl":"np://user.desktop.nicepage.com/Site_156291936/images/ggg.jpg","size":60596,"hash":"FJzTt9WOMq+PvY9DHSvIS72wrTw=","fileName":"ggg.jpg","name":"ggg","width":900,"height":946,"thumbnail":{"url":"np://user.desktop.nicepage.com/Site_156291936/images/thumbnails/ggg.jpg","width":238,"height":250},"folderId":null,"originalUrl":"//images01.nicepage.com/c461c07a441a5d220e8feb1a/7d915d2ad0c3562fbbdd74fb/ggg.jpg","usages":["253012855"]},{"id":"user-image-nn.jpg","publicUrl":"np://user.desktop.nicepage.com/Site_156291936/images/nn.jpg","size":39776,"hash":"cV+xjSeqdAI9Tfm7PE3On5kX9Fw=","fileName":"nn.jpg","name":"nn","width":1080,"height":1080,"thumbnail":{"url":"np://user.desktop.nicepage.com/Site_156291936/images/thumbnails/nn.jpg","width":250,"height":250},"folderId":null,"originalUrl":"//images01.nicepage.com/c461c07a441a5d220e8feb1a/7f922619beb5500680b8dc58/nn.jpg","usages":["253012855"]},{"id":"user-image-5178414.jpg","publicUrl":"np://user.desktop.nicepage.com/Site_156291936/images/5178414.jpg","size":78727,"hash":"Rn60Pz1jM1avYnrx5/ZxMRYT4j0=","fileName":"5178414.jpg","name":"5178414","width":900,"height":900,"thumbnail":{"url":"np://user.desktop.nicepage.com/Site_156291936/images/thumbnails/5178414.jpg","width":250,"height":250},"folderId":null,"originalUrl":"//images01.nicepage.com/c461c07a441a5d220e8feb1a/fad3c8a1e5f357babe8b89c8/5178414.jpg","usages":["253012855"]},{"id":"user-image-kj.jpg","publicUrl":"np://user.desktop.nicepage.com/Site_156291936/images/kj.jpg","size":72999,"hash":"OydFr207swChR4Fn4GJgj5W72TI=","fileName":"kj.jpg","name":"kj","width":1200,"height":1002,"thumbnail":{"url":"np://user.desktop.nicepage.com/Site_156291936/images/thumbnails/kj.jpg","width":250,"height":209},"folderId":null,"originalUrl":"//images01.nicepage.com/c461c07a441a5d220e8feb1a/cc7edaf65e5157c8be6061a8/kj.jpg","usages":["253012855"]},{"id":"user-image-bn.jpg","publicUrl":"np://user.desktop.nicepage.com/Site_156291936/images/bn.jpg","size":68333,"hash":"hPikQcY7fGQ9C0vk72aGrWEJFCE=","fileName":"bn.jpg","name":"bn","width":800,"height":800,"thumbnail":{"url":"np://user.desktop.nicepage.com/Site_156291936/images/thumbnails/bn.jpg","width":250,"height":250},"folderId":null,"originalUrl":"//images01.nicepage.com/c461c07a441a5d220e8feb1a/6635f9cc81185d6497e09ca5/bn.jpg","usages":["253012855"]},{"id":"user-image-5807340-min.png","publicUrl":"np://user.desktop.nicepage.com/Site_156291936/images/5807340-min.png","size":204674,"hash":"Gj+k6TxLgJkeGtBS3in9PcLfGRU=","fileName":"5807340-min.png","name":"5807340-min","width":1422,"height":900,"thumbnail":{"url":"np://user.desktop.nicepage.com/Site_156291936/images/thumbnails/5807340-min.png","width":250,"height":158},"folderId":null,"originalUrl":"//images01.nicepage.com/c461c07a441a5d220e8feb1a/b3849f02f5d95d259a5425a2/5807340-min.png","usages":["253012855"]}]